Sl. No.,Product Name,Discounted Price,Original Price,Discount %,Product Description
1,"Apple iPhone 16 (Black, 128 GB)","69,999","79,900",12% off,"128 GB ROM15.49 cm (6.1 inch) Super Retina XDR Display48MP + 12MP | 12MP Front CameraA18 Chip, 6 Core Processor Processor1 year warranty for phone and 1 year warranty for in Box Accessories."
2,"Apple iPhone 16 (Ultramarine, 128 GB)","69,999","79,900",12% off,"128 GB ROM15.49 cm (6.1 inch) Super Retina XDR Display48MP + 12MP | 12MP Front CameraA18 Chip, 6 Core Processor Processor1 year warranty for phone and 1 year warranty for in Box Accessories."
3,"Apple iPhone 16 (Teal, 128 GB)","69,999","79,900",12% off,"128 GB ROM15.49 cm (6.1 inch) Super Retina XDR Display48MP + 12MP | 12MP Front CameraA18 Chip, 6 Core Processor Processor1 year warranty for phone and 1 year warranty for in Box Accessories."
4,"Apple iPhone 16 (Black, 256 GB)","79,999","89,900",11% off,"256 GB ROM15.49 cm (6.1 inch) Super Retina XDR Display48MP + 12MP | 12MP Front CameraA18 Chip, 6 Core Processor Processor1 year warranty for phone and 1 year warranty for in Box Accessories."
5,"Apple iPhone 16 (Pink, 128 GB)","69,999","79,900",12% off,"128 GB ROM15.49 cm (6.1 inch) Super Retina XDR Display48MP + 12MP | 12MP Front CameraA18 Chip, 6 Core Processor Processor1 year warranty for phone and 1 year warranty for in Box Accessories."
6,"Apple iPhone 16 (Ultramarine, 256 GB)","79,999","89,900",11% off,"256 GB ROM15.49 cm (6.1 inch) Super Retina XDR Display48MP + 12MP | 12MP Front CameraA18 Chip, 6 Core Processor Processor1 year warranty for phone and 1 year warranty for in Box Accessories."
7,"Apple iPhone 16 (Pink, 256 GB)","79,999","89,900",11% off,"256 GB ROM15.49 cm (6.1 inch) Super Retina XDR Display48MP + 12MP | 12MP Front CameraA18 Chip, 6 Core Processor Processor1 year warranty for phone and 1 year warranty for in Box Accessories."
8,"Apple iPhone 16e (White, 256 GB)","69,900",N/A,N/A,"256 GB ROM15.49 cm (6.1 inch) Super Retina XDR Display48MP Rear Camera | 12MP Front CameraA18 Chip, 6 Core Processor1 year warranty for phone and 1 year warranty for in Box Accessories."
9,"Apple iPhone 16 Pro (White Titanium, 128 GB)","1,12,900","1,19,900",5% off,"128 GB ROM16.0 cm (6.3 inch) Super Retina XDR Display48MP + 48MP + 12MP | 12MP Front CameraA18 Pro Chip, 6 Core Processor Processor1 year warranty for phone and 1 year warranty for in Box Accessories."
10,"Apple iPhone 16e (Black, 128 GB)","59,900",N/A,N/A,"128 GB ROM15.49 cm (6.1 inch) Super Retina XDR Display48MP Rear Camera | 12MP Front CameraA18 Chip, 6 Core Processor1 year warranty for phone and 1 year warranty for in Box Accessories."
11,"Apple iPhone 16e (Black, 256 GB)","69,900",N/A,N/A,"256 GB ROM15.49 cm (6.1 inch) Super Retina XDR Display48MP Rear Camera | 12MP Front CameraA18 Chip, 6 Core Processor1 year warranty for phone and 1 year warranty for in Box Accessories."
12,"Apple iPhone 16 Pro (Desert Titanium, 256 GB)","1,22,900","1,29,900",5% off,"256 GB ROM16.0 cm (6.3 inch) Super Retina XDR Display48MP + 48MP + 12MP | 12MP Front CameraA18 Pro Chip, 6 Core Processor Processor1 year warranty for phone and 1 year warranty for in Box Accessories."
13,"Apple iPhone 16 Plus (Black, 256 GB)","89,999","99,900",9% off,"256 GB ROM17.02 cm (6.7 inch) Super Retina XDR Display48MP + 12MP | 12MP Front CameraA18 Chip, 6 Core Processor Processor1 year warranty for phone and 1 year warranty for in Box Accessories."
14,"Apple iPhone 16 Pro (White Titanium, 512 GB)","1,42,900","1,49,900",4% off,"512 GB ROM16.0 cm (6.3 inch) Super Retina XDR Display48MP + 48MP + 12MP | 12MP Front CameraA18 Pro Chip, 6 Core Processor Processor1 year warranty for phone and 1 year warranty for in Box Accessories."
15,"Apple iPhone 16 Plus (Teal, 128 GB)","79,999","89,900",11% off,"128 GB ROM17.02 cm (6.7 inch) Super Retina XDR Display48MP + 12MP | 12MP Front CameraA18 Chip, 6 Core Processor Processor1 year warranty for phone and 1 year warranty for in Box Accessories."
16,"Apple iPhone 16 Pro Max (Natural Titanium, 256 GB)","1,35,900","1,44,900",6% off,"256 GB ROM17.53 cm (6.9 inch) Super Retina XDR Display48MP + 48MP + 12MP | 12MP Front CameraA18 Pro Chip, 6 Core Processor Processor1 year warranty for phone and 1 year warranty for in Box Accessories."
17,"Apple iPhone 16 Pro (Natural Titanium, 512 GB)","1,42,900","1,49,900",4% off,"512 GB ROM16.0 cm (6.3 inch) Super Retina XDR Display48MP + 48MP + 12MP | 12MP Front CameraA18 Pro Chip, 6 Core Processor Processor1 year warranty for phone and 1 year warranty for in Box Accessories."
18,"Apple iPhone 16 Plus (White, 128 GB)","79,999","89,900",11% off,"128 GB ROM17.02 cm (6.7 inch) Super Retina XDR Display48MP + 12MP | 12MP Front CameraA18 Chip, 6 Core Processor Processor1 year warranty for phone and 1 year warranty for in Box Accessories."
19,"Apple iPhone 16 Pro (Desert Titanium, 128 GB)","1,12,900","1,19,900",5% off,"128 GB ROM16.0 cm (6.3 inch) Super Retina XDR Display48MP + 48MP + 12MP | 12MP Front CameraA18 Pro Chip, 6 Core Processor Processor1 year warranty for phone and 1 year warranty for in Box Accessories."
20,"Apple iPhone 16 Plus (Teal, 256 GB)","89,999","99,900",9% off,"256 GB ROM17.02 cm (6.7 inch) Super Retina XDR Display48MP + 12MP | 12MP Front CameraA18 Chip, 6 Core Processor Processor1 year warranty for phone and 1 year warranty for in Box Accessories."
21,"Apple iPhone 16 Pro (Natural Titanium, 1 TB)","1,62,900","1,69,900",4% off,"1 TB ROM16.0 cm (6.3 inch) Super Retina XDR Display48MP + 48MP + 12MP | 12MP Front CameraA18 Pro Chip, 6 Core Processor Processor1 year warranty for phone and 1 year warranty for in Box Accessories."
22,"Apple iPhone 16 Pro (Black Titanium, 256 GB)","1,22,900","1,29,900",5% off,"256 GB ROM16.0 cm (6.3 inch) Super Retina XDR Display48MP + 48MP + 12MP | 12MP Front CameraA18 Pro Chip, 6 Core Processor Processor1 year warranty for phone and 1 year warranty for in Box Accessories."
23,"Apple iPhone 16 Plus (White, 512 GB)","1,09,999","1,19,900",8% off,"512 GB ROM17.02 cm (6.7 inch) Super Retina XDR Display48MP + 12MP | 12MP Front CameraA18 Chip, 6 Core Processor Processor1 year warranty for phone and 1 year warranty for in Box Accessories."
24,"Apple iPhone 16 Pro Max (Black Titanium, 512 GB)","1,55,900","1,64,900",5% off,"512 GB ROM17.53 cm (6.9 inch) Super Retina XDR Display48MP + 48MP + 12MP | 12MP Front CameraA18 Pro Chip, 6 Core Processor Processor1 year warranty for phone and 1 year warranty for in Box Accessories."
25,"Apple iPhone 16 Plus (Teal, 512 GB)","1,09,999","1,19,900",8% off,"512 GB ROM17.02 cm (6.7 inch) Super Retina XDR Display48MP + 12MP | 12MP Front CameraA18 Chip, 6 Core Processor Processor1 year warranty for phone and 1 year warranty for in Box Accessories."
26,"Apple iPhone 16 Pro (Black Titanium, 512 GB)","1,42,900","1,49,900",4% off,"512 GB ROM16.0 cm (6.3 inch) Super Retina XDR Display48MP + 48MP + 12MP | 12MP Front CameraA18 Pro Chip, 6 Core Processor Processor1 year warranty for phone and 1 year warranty for in Box Accessories."
27,"Apple iPhone 16e (Black, 512 GB)","89,900",N/A,N/A,"512 GB ROM15.49 cm (6.1 inch) Super Retina XDR Display48MP Rear Camera | 12MP Front CameraA18 Chip, 6 Core Processor1 year warranty for phone and 1 year warranty for in Box Accessories."
28,"Apple iPhone 16 Pro Max (Black Titanium, 256 GB)","1,37,900","1,44,900",4% off,"256 GB ROM17.53 cm (6.9 inch) Super Retina XDR Display48MP + 48MP + 12MP | 12MP Front CameraA18 Pro Chip, 6 Core Processor Processor1 year warranty for phone and 1 year warranty for in Box Accessories."
29,"Apple iPhone 16 Pro (Desert Titanium, 1 TB)","1,62,900","1,69,900",4% off,"1 TB ROM16.0 cm (6.3 inch) Super Retina XDR Display48MP + 48MP + 12MP | 12MP Front CameraA18 Pro Chip, 6 Core Processor Processor1 year warranty for phone and 1 year warranty for in Box Accessories."
30,"Apple iPhone 16 Plus (Black, 512 GB)","1,09,999","1,19,900",8% off,"512 GB ROM17.02 cm (6.7 inch) Super Retina XDR Display48MP + 12MP | 12MP Front CameraA18 Chip, 6 Core Processor Processor1 year warranty for phone and 1 year warranty for in Box Accessories."
31,"Apple iPhone 16 Pro Max (White Titanium, 512 GB)","1,55,900","1,64,900",5% off,"512 GB ROM17.53 cm (6.9 inch) Super Retina XDR Display48MP + 48MP + 12MP | 12MP Front CameraA18 Pro Chip, 6 Core Processor Processor1 year warranty for phone and 1 year warranty for in Box Accessories."
32,"Apple iPhone 16 Pro Max (White Titanium, 1 TB)","1,75,900","1,84,900",4% off,"1 TB ROM17.53 cm (6.9 inch) Super Retina XDR Display48MP + 48MP + 12MP | 12MP Front CameraA18 Pro Chip, 6 Core Processor Processor1 year warranty for phone and 1 year warranty for in Box Accessories."
33,"Apple iPhone 16 Pro (Black Titanium, 128 GB)","1,12,900","1,19,900",5% off,"128 GB ROM16.0 cm (6.3 inch) Super Retina XDR Display48MP + 48MP + 12MP | 12MP Front CameraA18 Pro Chip, 6 Core Processor Processor1 year warranty for phone and 1 year warranty for in Box Accessories."
34,"Apple iPhone 16 Pro (White Titanium, 1 TB)","1,62,900","1,69,900",4% off,"1 TB ROM16.0 cm (6.3 inch) Super Retina XDR Display48MP + 48MP + 12MP | 12MP Front CameraA18 Pro Chip, 6 Core Processor Processor1 year warranty for phone and 1 year warranty for in Box Accessories."
35,"Apple iPhone 16 Pro (Black Titanium, 1 TB)","1,62,900","1,69,900",4% off,"1 TB ROM16.0 cm (6.3 inch) Super Retina XDR Display48MP + 48MP + 12MP | 12MP Front CameraA18 Pro Chip, 6 Core Processor Processor1 year warranty for phone and 1 year warranty for in Box Accessories."
36,"Apple iPhone 16e (White, 512 GB)","89,900",N/A,N/A,"512 GB ROM15.49 cm (6.1 inch) Super Retina XDR Display48MP Rear Camera | 12MP Front CameraA18 Chip, 6 Core Processor1 year warranty for phone and 1 year warranty for in Box Accessories."
37,"Apple iPhone 16 Pro Max (Black Titanium, 1 TB)","1,75,900","1,84,900",4% off,"1 TB ROM17.53 cm (6.9 inch) Super Retina XDR Display48MP + 48MP + 12MP | 12MP Front CameraA18 Pro Chip, 6 Core Processor Processor1 year warranty for phone and 1 year warranty for in Box Accessories."
38,"Apple iPhone 16 (Black, 512 GB)","99,999","1,09,900",9% off,"512 GB ROM15.49 cm (6.1 inch) Super Retina XDR Display48MP + 12MP | 12MP Front CameraA18 Chip, 6 Core Processor Processor1 year warranty for phone and 1 year warranty for in Box Accessories."
39,"Apple iPhone 16 (Ultramarine, 512 GB)","99,999","1,09,900",9% off,"512 GB ROM15.49 cm (6.1 inch) Super Retina XDR Display48MP + 12MP | 12MP Front CameraA18 Chip, 6 Core Processor Processor1 year warranty for phone and 1 year warranty for in Box Accessories."
40,"Apple iPhone 16 (White, 512 GB)","99,999","1,09,900",9% off,"512 GB ROM15.49 cm (6.1 inch) Super Retina XDR Display48MP + 12MP | 12MP Front CameraA18 Chip, 6 Core Processor Processor1 year warranty for phone and 1 year warranty for in Box Accessories."
41,"Apple iPhone 16 (Teal, 512 GB)","99,999","1,09,900",9% off,"512 GB ROM15.49 cm (6.1 inch) Super Retina XDR Display48MP + 12MP | 12MP Front CameraA18 Chip, 6 Core Processor Processor1 year warranty for phone and 1 year warranty for in Box Accessories."
42,"Apple iPhone 16 (Pink, 512 GB)","99,999","1,09,900",9% off,"512 GB ROM15.49 cm (6.1 inch) Super Retina XDR Display48MP + 12MP | 12MP Front CameraA18 Chip, 6 Core Processor Processor1 year warranty for phone and 1 year warranty for in Box Accessories."
43,"Apple iPhone 16 Pro (Natural Titanium, 128 GB)","1,12,900","1,19,900",5% off,"128 GB ROM16.0 cm (6.3 inch) Super Retina XDR Display48MP + 48MP + 12MP | 12MP Front CameraA18 Pro Chip, 6 Core Processor Processor1 year warranty for phone and 1 year warranty for in Box Accessories."
44,"Apple iPhone 16 Pro (White Titanium, 256 GB)","1,22,900","1,29,900",5% off,"256 GB ROM16.0 cm (6.3 inch) Super Retina XDR Display48MP + 48MP + 12MP | 12MP Front CameraA18 Pro Chip, 6 Core Processor Processor1 year warranty for phone and 1 year warranty for in Box Accessories."
45,"Apple iPhone 16 Pro Max (Desert Titanium, 1 TB)","1,75,900","1,84,900",4% off,"1 TB ROM17.53 cm (6.9 inch) Super Retina XDR Display48MP + 48MP + 12MP | 12MP Front CameraA18 Pro Chip, 6 Core Processor Processor1 year warranty for phone and 1 year warranty for in Box Accessories."
46,"Apple 16 (White, 128 GB)","69,999","79,900",12% off,"128 GB ROM15.49 cm (6.1 inch) Super Retina XDR Display48MP + 12MP | 12MP Front CameraA18 Chip, 6 Core Processor Processor1 year warranty for phone and 1 year warranty for in Box Accessories."
47,"Apple 16 (White, 256 GB)","79,999","89,900",11% off,"256 GB ROM15.49 cm (6.1 inch) Super Retina XDR Display48MP + 12MP | 12MP Front CameraA18 Chip, 6 Core Processor Processor1 year warranty for phone and 1 year warranty for in Box Accessories."
48,"Apple iPhone 14 (Starlight, 128 GB)","54,999","59,900",8% off,"128 GB ROM15.49 cm (6.1 inch) Super Retina XDR Display12MP + 12MP | 12MP Front CameraA15 Bionic Chip, 6 Core Processor Processor1 year warranty for phone and 1 year warranty for in Box Accessories."
49,"Apple 16 (Teal, 256 GB)","79,999","89,900",11% off,"256 GB ROM15.49 cm (6.1 inch) Super Retina XDR Display48MP + 12MP | 12MP Front CameraA18 Chip, 6 Core Processor Processor1 year warranty for phone and 1 year warranty for in Box Accessories."
50,"Apple 14 ((PRODUCT)RED, 128 GB)","54,999","59,900",8% off,"128 GB ROM15.49 cm (6.1 inch) Super Retina XDR Display12MP + 12MP | 12MP Front CameraA15 Bionic Chip, 6 Core Processor Processor1 year warranty for phone and 1 year warranty for in Box Accessories."
51,"Apple 16 Pro Max (Desert Titanium, 256 GB)","1,35,900","1,44,900",6% off,"256 GB ROM17.53 cm (6.9 inch) Super Retina XDR Display48MP + 48MP + 12MP | 12MP Front CameraA18 Pro Chip, 6 Core Processor Processor1 year warranty for phone and 1 year warranty for in Box Accessories."
52,"Apple 16 Plus (Ultramarine, 128 GB)","79,999","89,900",11% off,"128 GB ROM17.02 cm (6.7 inch) Super Retina XDR Display48MP + 12MP | 12MP Front CameraA18 Chip, 6 Core Processor Processor1 year warranty for phone and 1 year warranty for in Box Accessories."
53,"Apple 16 Plus (Black, 128 GB)","79,999","89,900",11% off,"128 GB ROM17.02 cm (6.7 inch) Super Retina XDR Display48MP + 12MP | 12MP Front CameraA18 Chip, 6 Core Processor Processor1 year warranty for phone and 1 year warranty for in Box Accessories."
54,"Apple iPhone 14 (Blue, 256 GB)","64,999","69,900",7% off,"256 GB ROM15.49 cm (6.1 inch) Super Retina XDR Display12MP + 12MP | 12MP Front CameraA15 Bionic Chip, 6 Core Processor Processor1 year warranty for phone and 1 year warranty for in Box Accessories."
55,"Apple Phone 16 Pro (Natural Titanium, 256 GB)","1,22,900","1,29,900",5% off,"256 GB ROM16.0 cm (6.3 inch) Super Retina XDR Display48MP + 48MP + 12MP | 12MP Front CameraA18 Pro Chip, 6 Core Processor Processor1 year warranty for phone and 1 year warranty for in Box Accessories."
56,"Apple 16e (White, 128 GB)","59,900",N/A,N/A,"128 GB ROM15.49 cm (6.1 inch) Super Retina XDR Display48MP Rear Camera | 12MP Front CameraA18 Chip, 6 Core Processor1 year warranty for phone and 1 year warranty for in Box Accessories."
57,"Apple iPhone 14 Plus (Starlight, 128 GB)","69,900",N/A,N/A,"128 GB ROM17.02 cm (6.7 inch) Super Retina XDR Display12MP + 12MP | 12MP Front CameraA15 Bionic Chip, 6 Core Processor Processor1 year warranty for phone and 1 year warranty for in Box Accessories."
58,"Apple iPhe 16 Plus (Ultramarine, 512 GB)","1,09,999","1,19,900",8% off,"512 GB ROM17.02 cm (6.7 inch) Super Retina XDR Display48MP + 12MP | 12MP Front CameraA18 Chip, 6 Core Processor Processor1 year warranty for phone and 1 year warranty for in Box Accessories."
59,"Apple 16 Plus (Pink, 256 GB)","89,999","99,900",9% off,"256 GB ROM17.02 cm (6.7 inch) Super Retina XDR Display48MP + 12MP | 12MP Front CameraA18 Chip, 6 Core Processor Processor1 year warranty for phone and 1 year warranty for in Box Accessories."
60,"Apple 16 Plus (White, 256 GB)","89,999","99,900",9% off,"256 GB ROM17.02 cm (6.7 inch) Super Retina XDR Display48MP + 12MP | 12MP Front CameraA18 Chip, 6 Core Processor Processor1 year warranty for phone and 1 year warranty for in Box Accessories."
61,"Apple 16 Pro (Desert Titanium, 512 GB)","1,42,900","1,49,900",4% off,"512 GB ROM16.0 cm (6.3 inch) Super Retina XDR Display48MP + 48MP + 12MP | 12MP Front CameraA18 Pro Chip, 6 Core Processor Processor1 year warranty for phone and 1 year warranty for in Box Accessories."
62,"Apple iPhone 14 Plus (Midnight, 128 GB)","69,900",N/A,N/A,"128 GB ROM17.02 cm (6.7 inch) Super Retina XDR Display12MP + 12MP | 12MP Front CameraA15 Bionic Chip, 6 Core Processor Processor1 year warranty for phone and 1 year warranty for in Box Accessories."
63,"Apple 16 Plus (Ultramarine, 256 GB)","89,999","99,900",9% off,"256 GB ROM17.02 cm (6.7 inch) Super Retina XDR Display48MP + 12MP | 12MP Front CameraA18 Chip, 6 Core Processor Processor1 year warranty for phone and 1 year warranty for in Box Accessories."
64,"Apple 6 (Space Grey, 16 GB)","52,000",N/A,N/A,16 GB ROM11.94 cm (4.7 inch) Retina HD Display8MP Rear Camera | 1.2MP Front CameraApple A8 64-bit processor and M8 Motion Co-processor1 Year Manufacturer Warranty
65,"Apple iPhne 16 Plus (Pink, 128 GB)","79,999","89,900",11% off,"128 GB ROM17.02 cm (6.7 inch) Super Retina XDR Display48MP + 12MP | 12MP Front CameraA18 Chip, 6 Core Processor Processor1 year warranty for phone and 1 year warranty for in Box Accessories."
66,"Apple iPhone 14 Plus (Yellow, 512 GB)","99,900",N/A,N/A,"512 GB ROM17.02 cm (6.7 inch) Super Retina XDR Display12MP + 12MP | 12MP Front CameraA15 Bionic Chip, 6 Core Processor Processor1 year warranty for phone and 1 year warranty for in Box Accessories."
67,"Apple 16 Plus (Pink, 512 GB)","1,09,999","1,19,900",8% off,"512 GB ROM17.02 cm (6.7 inch) Super Retina XDR Display48MP + 12MP | 12MP Front CameraA18 Chip, 6 Core Processor Processor1 year warranty for phone and 1 year warranty for in Box Accessories."
68,"Apple 16 Pro Max (Natural Titanium, 512 GB)","1,55,900","1,64,900",5% off,"512 GB ROM17.53 cm (6.9 inch) Super Retina XDR Display48MP + 48MP + 12MP | 12MP Front CameraA18 Pro Chip, 6 Core Processor Processor1 year warranty for phone and 1 year warranty for in Box Accessories."
69,"Apple iPhone 14 (Starlight, 512 GB)","84,999","89,900",5% off,"512 GB ROM15.49 cm (6.1 inch) Super Retina XDR Display12MP + 12MP | 12MP Front CameraA15 Bionic Chip, 6 Core Processor Processor1 year warranty for phone and 1 year warranty for in Box Accessories."
70,"Apple 14 (Midnight, 128 GB)","54,999","59,900",8% off,"128 GB ROM15.49 cm (6.1 inch) Super Retina XDR Display12MP + 12MP | 12MP Front CameraA15 Bionic Chip, 6 Core Processor Processor1 year warranty for phone and 1 year warranty for in Box Accessories."
71,"Apple iPhone 14 (Purple, 128 GB)","54,999","59,900",8% off,"128 GB ROM15.49 cm (6.1 inch) Super Retina XDR Display12MP + 12MP | 12MP Front CameraA15 Bionic Chip, 6 Core Processor Processor1 year warranty for phone and 1 year warranty for in Box Accessories."
72,"Apple iPhone 14 (Purple, 256 GB)","64,999","69,900",7% off,"256 GB ROM15.49 cm (6.1 inch) Super Retina XDR Display12MP + 12MP | 12MP Front CameraA15 Bionic Chip, 6 Core Processor Processor1 year warranty for phone and 1 year warranty for in Box Accessories."
73,"Apple iPhone 14 (Purple, 256 GB)","64,999","69,900",7% off,"256 GB ROM15.49 cm (6.1 inch) Super Retina XDR Display12MP + 12MP | 12MP Front CameraA15 Bionic Chip, 6 Core Processor Processor1 year warranty for phone and 1 year warranty for in Box Accessories."
74,"Apple 16 Pro Max (White Titanium, 256 GB)","1,35,900","1,44,900",6% off,"256 GB ROM17.53 cm (6.9 inch) Super Retina XDR Display48MP + 48MP + 12MP | 12MP Front CameraA18 Pro Chip, 6 Core Processor Processor1 year warranty for phone and 1 year warranty for in Box Accessories."
75,"Apple iPhone 14 Plus (Starlight, 128 GB)","69,900",N/A,N/A,"128 GB ROM17.02 cm (6.7 inch) Super Retina XDR Display12MP + 12MP | 12MP Front CameraA15 Bionic Chip, 6 Core Processor Processor1 year warranty for phone and 1 year warranty for in Box Accessories."
76,"Apple Phone 14 (Midnight, 512 GB)","84,999","89,900",5% off,"512 GB ROM15.49 cm (6.1 inch) Super Retina XDR Display12MP + 12MP | 12MP Front CameraA15 Bionic Chip, 6 Core Processor Processor1 year warranty for phone and 1 year warranty for in Box Accessories."
77,"Apple 6s (Rose Gold, 16 GB)","31,999","62,000",48% off,16 GB ROM11.94 cm (4.7 inch) Retina HD Display12MP Rear Camera | 5MP Front CameraA9 Chip with 64-bit Architecture and M9 Motion Co-processorBrand Warranty of 1 Year
78,"Apple iPhone 6s (Gold, 16 GB)","41,999","62,000",32% off,16 GB ROM11.94 cm (4.7 inch) Retina HD Display12MP Rear Camera | 5MP Front CameraA9 Chip with 64-bit Architecture and M9 Motion Co-processorBrand Warranty of 1 Year
79,"Apple 14 Plus (Purple, 128 GB)","69,900",N/A,N/A,"128 GB ROM17.02 cm (6.7 inch) Super Retina XDR Display12MP + 12MP | 12MP Front CameraA15 Bionic Chip, 6 Core Processor Processor1 year warranty for phone and 1 year warranty for in Box Accessories."
80,"Apple iPhone 14 (Yellow, 128 GB)","54,999","59,900",8% off,"128 GB ROM15.49 cm (6.1 inch) Super Retina XDR Display12MP + 12MP | 12MP Front CameraA15 Bionic Chip, 6 Core Processor Processor1 year warranty for phone and 1 year warranty for in Box Accessories."
81,"Apple 16 Pro Max (Desert Titanium, 512 GB)","1,55,900","1,64,900",5% off,"512 GB ROM17.53 cm (6.9 inch) Super Retina XDR Display48MP + 48MP + 12MP | 12MP Front CameraA18 Pro Chip, 6 Core Processor Processor1 year warranty for phone and 1 year warranty for in Box Accessories."
82,"Apple 14 Pro (Gold, 256 GB)","1,29,900",N/A,N/A,"256 GB ROM15.49 cm (6.1 inch) Super Retina XDR Display48MP + 12MP + 12MP | 12MP Front CameraA16 Bionic Chip, 6 Core Processor Processor1 year warranty for phone and 1 year warranty for in Box Accessories."
83,"Apple iPhone 14 Pro (Deep Purple, 256 GB)","1,29,900",N/A,N/A,"256 GB ROM15.49 cm (6.1 inch) Super Retina XDR Display48MP + 12MP + 12MP | 12MP Front CameraA16 Bionic Chip, 6 Core Processor Processor1 year warranty for phone and 1 year warranty for in Box Accessories."
84,"Apple iPhone 5s (Silver, 16 GB)","25,000",N/A,N/A,16 GB ROM10.16 cm (4 inch) Retina Display8MP Rear Camera | 1.2MP Front CameraApple A7 64-bit processor and M7 Motion Co-processor1 Year Manufacturer Warranty
85,"Apple 14 Plus (Starlight, 256 GB)","79,900",N/A,N/A,"256 GB ROM17.02 cm (6.7 inch) Super Retina XDR Display12MP + 12MP | 12MP Front CameraA15 Bionic Chip, 6 Core Processor Processor1 year warranty for phone and 1 year warranty for in Box Accessories."
86,"Apple iPhone 14 Pro (Gold, 1 TB)","1,69,900",N/A,N/A,"1 TB ROM15.49 cm (6.1 inch) Super Retina XDR Display48MP + 12MP + 12MP | 12MP Front CameraA16 Bionic Chip, 6 Core Processor Processor1 year warranty for phone and 1 year warranty for in Box Accessories."
87,"Apple 14 Plus (Starlight, 512 GB)","99,900",N/A,N/A,"512 GB ROM17.02 cm (6.7 inch) Super Retina XDR Display12MP + 12MP | 12MP Front CameraA15 Bionic Chip, 6 Core Processor Processor1 year warranty for phone and 1 year warranty for in Box Accessories."
88,"Apple 14 Pro Max (Deep Purple, 1 TB)","1,84,900",N/A,N/A,"1 TB ROM17.02 cm (6.7 inch) Super Retina XDR Display48MP + 12MP + 12MP | 12MP Front CameraA16 Bionic Chip, 6 Core Processor Processor1 year warranty for phone and 1 year warranty for in Box Accessories."
89,"Apple iPhone 14 Pro (Silver, 1 TB)","1,69,900",N/A,N/A,"1 TB ROM15.49 cm (6.1 inch) Super Retina XDR Display48MP + 12MP + 12MP | 12MP Front CameraA16 Bionic Chip, 6 Core Processor Processor1 year warranty for phone and 1 year warranty for in Box Accessories."
90,"Apple 6 Plus (Silver, 16 GB)","40,999","62,000",33% off,16 GB ROM13.97 cm (5.5 inch) Retina HD Display8MP Rear Camera | 1.2MP Front CameraApple A8 64-bit processor and M8 Motion Co-processor1 Year for Mobile & 6 Months for Accessories
91,"Apple iPhone 5s (Space Grey, 16 GB)","25,000",N/A,N/A,16 GB ROM10.16 cm (4 inch) Retina Display8MP Rear Camera | 1.2MP Front CameraA7 64-bit processor and M7 Motion Co-processor1 Year Manufacturer Warranty
92,"Apple iPhone 14 Pro (Space Black, 1 TB)","1,69,900",N/A,N/A,"1 TB ROM15.49 cm (6.1 inch) Super Retina XDR Display48MP + 12MP + 12MP | 12MP Front CameraA16 Bionic Chip, 6 Core Processor Processor1 year warranty for phone and 1 year warranty for in Box Accessories."
93,"Apple iPhone 14 Pro (Deep Purple, 1 TB)","1,69,900",N/A,N/A,"1 TB ROM15.49 cm (6.1 inch) Super Retina XDR Display48MP + 12MP + 12MP | 12MP Front CameraA16 Bionic Chip, 6 Core Processor Processor1 year warranty for phone and 1 year warranty for in Box Accessories."
94,"Apple iPhone 5C (Blue, 16 GB)","41,900",N/A,N/A,16 GB ROM10.16 cm (4 inch) Retina Display8MP Rear Camera | 1.2MP Front CameraA6 Chip Processor1 Year Manufacturer Warranty
95,"Apple iPhone 5s (Gold, 16 GB)","35,000",N/A,N/A,16 GB ROM10.16 cm (4 inch) Retina Display8MP Rear Camera | 1.2MP Front CameraApple A7 64-bit processor and M7 Motion Co-processor1 Year for Mobile & Accessories
96,"Apple 14 Pro Max (Silver, 512 GB)","1,64,900",N/A,N/A,"512 GB ROM17.02 cm (6.7 inch) Super Retina XDR Display48MP + 12MP + 12MP | 12MP Front CameraA16 Bionic Chip, 6 Core Processor Processor1 year warranty for phone and 1 year warranty for in Box Accessories."
97,"Apple 14 (Purple, 512 GB)","84,999","89,900",5% off,"512 GB ROM15.49 cm (6.1 inch) Super Retina XDR Display12MP + 12MP | 12MP Front CameraA15 Bionic Chip, 6 Core Processor Processor1 year warranty for phone and 1 year warranty for in Box Accessories."
98,"Apple iPhone 14 Pro (Silver, 512 GB)","1,49,900",N/A,N/A,"512 GB ROM15.49 cm (6.1 inch) Super Retina XDR Display48MP + 12MP + 12MP | 12MP Front CameraA16 Bionic Chip, 6 Core Processor Processor1 year warranty for phone and 1 year warranty for in Box Accessories."
99,"Apple 6s (Silver, 16 GB)","41,999","62,000",32% off,16 GB ROM11.94 cm (4.7 inch) Retina HD Display12MP Rear Camera | 5MP Front CameraA9 Chip with 64-bit Architecture and M9 Motion Co-processorBrand Warranty of 1 Year
100,"Apple 5C (Green, 16 GB)","41,900",N/A,N/A,16 GB ROM10.16 cm (4 inch) Retina Display8MP Rear Camera | 1.2MP Front CameraA6 Chip Processor1 Year Manufacturer Warranty
101,"Apple iPhone 14 Plus (Purple, 256 GB)","79,900",N/A,N/A,"256 GB ROM17.02 cm (6.7 inch) Super Retina XDR Display12MP + 12MP | 12MP Front CameraA15 Bionic Chip, 6 Core Processor Processor1 year warranty for phone and 1 year warranty for in Box Accessories."
102,"Apple i 14 Pro Max (Gold, 1 TB)","1,84,900",N/A,N/A,"1 TB ROM17.02 cm (6.7 inch) Super Retina XDR Display48MP + 12MP + 12MP | 12MP Front CameraA16 Bionic Chip, 6 Core Processor Processor1 year warranty for phone and 1 year warranty for in Box Accessories."
103,"Apple iPhone 14 Pro (Silver, 256 GB)","1,29,900",N/A,N/A,"256 GB ROM15.49 cm (6.1 inch) Super Retina XDR Display48MP + 12MP + 12MP | 12MP Front CameraA16 Bionic Chip, 6 Core Processor Processor1 year warranty for phone and 1 year warranty for in Box Accessories."
104,"Apple iPhone 14 Pro Max (Deep Purple, 512 GB)","1,64,900",N/A,N/A,"512 GB ROM17.02 cm (6.7 inch) Super Retina XDR Display48MP + 12MP + 12MP | 12MP Front CameraA16 Bionic Chip, 6 Core Processor Processor1 year warranty for phone and 1 year warranty for in Box Accessories."
105,"Apple iPhone 14 Pro (Deep Purple, 128 GB)","1,19,900",N/A,N/A,"128 GB ROM15.49 cm (6.1 inch) Super Retina XDR Display48MP + 12MP + 12MP | 12MP Front CameraA16 Bionic Chip, 6 Core Processor Processor1 year warranty for phone and 1 year warranty for in Box Accessories."
106,"Apple iPhone 14 Pro Max (Silver, 128 GB)","1,34,900",N/A,N/A,"128 GB ROM17.02 cm (6.7 inch) Super Retina XDR Display48MP + 12MP + 12MP | 12MP Front CameraA16 Bionic Chip, 6 Core Processor Processor1 year warranty for phone and 1 year warranty for in Box Accessories."
107,"Apple iPhone 14 Pro (Gold, 512 GB)","1,49,900",N/A,N/A,"512 GB ROM15.49 cm (6.1 inch) Super Retina XDR Display48MP + 12MP + 12MP | 12MP Front CameraA16 Bionic Chip, 6 Core Processor Processor1 year warranty for phone and 1 year warranty for in Box Accessories."
108,"Apple 14 ((PRODUCT)RED, 256 GB)","64,999","69,900",7% off,"256 GB ROM15.49 cm (6.1 inch) Super Retina XDR Display12MP + 12MP | 12MP Front CameraA15 Bionic Chip, 6 Core Processor Processor1 year warranty for phone and 1 year warranty for in Box Accessories."
109,"Apple iPhone 14 Plus ((PRODUCT)RED, 256 GB)","79,900",N/A,N/A,"256 GB ROM17.02 cm (6.7 inch) Super Retina XDR Display12MP + 12MP | 12MP Front CameraA15 Bionic Chip, 6 Core Processor Processor1 year warranty for phone and 1 year warranty for in Box Accessories."
110,"Apple 14 (Yellow, 512 GB)","84,999","89,900",5% off,"512 GB ROM15.49 cm (6.1 inch) Super Retina XDR Display12MP + 12MP | 12MP Front CameraA15 Bionic Chip, 6 Core Processor Processor1 year warranty for phone and 1 year warranty for in Box Accessories."
111,"Apple 14 Pro Max (Space Black, 128 GB)","1,34,900",N/A,N/A,"128 GB ROM17.02 cm (6.7 inch) Super Retina XDR Display48MP + 12MP + 12MP | 12MP Front CameraA16 Bionic Chip, 6 Core Processor Processor1 year warranty for phone and 1 year warranty for in Box Accessories."
112,"Apple 14 Plus (Blue, 512 GB)","99,900",N/A,N/A,"512 GB ROM17.02 cm (6.7 inch) Super Retina XDR Display12MP + 12MP | 12MP Front CameraA15 Bionic Chip, 6 Core Processor Processor1 year warranty for phone and 1 year warranty for in Box Accessories."
113,"Apple 16 Pro Max (Natural Titanium, 1 TB)","1,75,900","1,84,900",4% off,"1 TB ROM17.53 cm (6.9 inch) Super Retina XDR Display48MP + 48MP + 12MP | 12MP Front CameraA18 Pro Chip, 6 Core Processor Processor1 year warranty for phone and 1 year warranty for in Box Accessories."
114,"Apple 14 Plus (Purple, 512 GB)","99,900",N/A,N/A,"512 GB ROM17.02 cm (6.7 inch) Super Retina XDR Display12MP + 12MP | 12MP Front CameraA15 Bionic Chip, 6 Core Processor Processor1 year warranty for phone and 1 year warranty for in Box Accessories."
115,"Apple 14 Pro (Space Black, 256 GB)","1,29,900",N/A,N/A,"256 GB ROM15.49 cm (6.1 inch) Super Retina XDR Display48MP + 12MP + 12MP | 12MP Front CameraA16 Bionic Chip, 6 Core Processor Processor1 year warranty for phone and 1 year warranty for in Box Accessories."
116,"Apple iPhone 14 (Yellow, 256 GB)","64,999","69,900",7% off,"256 GB ROM15.49 cm (6.1 inch) Super Retina XDR Display12MP + 12MP | 12MP Front CameraA15 Bionic Chip, 6 Core Processor Processor1 year warranty for phone and 1 year warranty for in Box Accessories."
117,"Apple iPhone 14 Plus ((PRODUCT)RED, 512 GB)","99,900",N/A,N/A,"512 GB ROM17.02 cm (6.7 inch) Super Retina XDR Display12MP + 12MP | 12MP Front CameraA15 Bionic Chip, 6 Core Processor Processor1 year warranty for phone and 1 year warranty for in Box Accessories."
118,"Apple 14 Plus ((PRODUCT)RED, 128 GB)","69,900",N/A,N/A,"128 GB ROM17.02 cm (6.7 inch) Super Retina XDR Display12MP + 12MP | 12MP Front CameraA15 Bionic Chip, 6 Core Processor Processor1 year warranty for phone and 1 year warranty for in Box Accessories."
119,"Apple iPhone 14 Plus (Yellow, 128 GB)","69,900",N/A,N/A,"128 GB ROM17.02 cm (6.7 inch) Super Retina XDR Display12MP + 12MP | 12MP Front CameraA15 Bionic Chip, 6 Core Processor Processor1 year warranty for phone and 1 year warranty for in Box Accessories."
120,"Apple iPhone 14 Plus (Midnight, 256 GB)","79,900",N/A,N/A,"256 GB ROM17.02 cm (6.7 inch) Super Retina XDR Display12MP + 12MP | 12MP Front CameraA15 Bionic Chip, 6 Core Processor Processor1 year warranty for phone and 1 year warranty for in Box Accessories."
121,"Apple iPhone 14 Pro (Deep Purple, 256 GB)","1,29,900",N/A,N/A,"256 GB ROM15.49 cm (6.1 inch) Super Retina XDR Display48MP + 12MP + 12MP | 12MP Front CameraA16 Bionic Chip, 6 Core Processor Processor1 year warranty for phone and 1 year warranty for in Box Accessories."
122,"Apple 14 Pro Max (Deep Purple, 1 TB)","1,84,900",N/A,N/A,"1 TB ROM17.02 cm (6.7 inch) Super Retina XDR Display48MP + 12MP + 12MP | 12MP Front CameraA16 Bionic Chip, 6 Core Processor Processor1 year warranty for phone and 1 year warranty for in Box Accessories."
123,"Apple iPhone 14 Pro (Deep Purple, 1 TB)","1,69,900",N/A,N/A,"1 TB ROM15.49 cm (6.1 inch) Super Retina XDR Display48MP + 12MP + 12MP | 12MP Front CameraA16 Bionic Chip, 6 Core Processor Processor1 year warranty for phone and 1 year warranty for in Box Accessories."
124,"Apple iPhone 14 Pro Max (Deep Purple, 512 GB)","1,64,900",N/A,N/A,"512 GB ROM17.02 cm (6.7 inch) Super Retina XDR Display48MP + 12MP + 12MP | 12MP Front CameraA16 Bionic Chip, 6 Core Processor Processor1 year warranty for phone and 1 year warranty for in Box Accessories."
125,"Apple iPhone 14 Pro (Deep Purple, 512 GB)","1,49,900",N/A,N/A,"512 GB ROM15.49 cm (6.1 inch) Super Retina XDR Display48MP + 12MP + 12MP | 12MP Front CameraA16 Bionic Chip, 6 Core Processor Processor1 year warranty for phone and 1 year warranty for in Box Accessories."
126,"Apple 14 Pro Max (Deep Purple, 256 GB)","1,44,900",N/A,N/A,"256 GB ROM17.02 cm (6.7 inch) Super Retina XDR Display48MP + 12MP + 12MP | 12MP Front CameraA16 Bionic Chip, 6 Core Processor Processor1 year warranty for phone and 1 year warranty for in Box Accessories."
127,"Apple 14 Pro Max (Deep Purple, 128 GB)","1,34,900",N/A,N/A,"128 GB ROM17.02 cm (6.7 inch) Super Retina XDR Display48MP + 12MP + 12MP | 12MP Front CameraA16 Bionic Chip, 6 Core Processor Processor1 year warranty for phone and 1 year warranty for in Box Accessories."
128,"Apple iPhone 14 Pro (Deep Purple, 128 GB)","1,19,900",N/A,N/A,"128 GB ROM15.49 cm (6.1 inch) Super Retina XDR Display48MP + 12MP + 12MP | 12MP Front CameraA16 Bionic Chip, 6 Core Processor Processor1 year warranty for phone and 1 year warranty for in Box Accessories."
129,"Apple iPhone 5s (Space Grey, 16 GB)","25,000",N/A,N/A,16 GB ROM10.16 cm (4 inch) Retina Display8MP Rear Camera | 1.2MP Front CameraA7 64-bit processor and M7 Motion Co-processor1 Year Manufacturer Warranty
130,"Apple iPhone 5s (Gold, 16 GB)","35,000",N/A,N/A,16 GB ROM10.16 cm (4 inch) Retina Display8MP Rear Camera | 1.2MP Front CameraApple A7 64-bit processor and M7 Motion Co-processor1 Year for Mobile & Accessories
131,"Apple iPhone 5s (Silver, 16 GB)","25,000",N/A,N/A,16 GB ROM10.16 cm (4 inch) Retina Display8MP Rear Camera | 1.2MP Front CameraApple A7 64-bit processor and M7 Motion Co-processor1 Year Manufacturer Warranty
132,"Apple 5C (Green, 16 GB)","41,900",N/A,N/A,16 GB ROM10.16 cm (4 inch) Retina Display8MP Rear Camera | 1.2MP Front CameraA6 Chip Processor1 Year Manufacturer Warranty
133,"Apple iPhone 5C (Blue, 16 GB)","41,900",N/A,N/A,16 GB ROM10.16 cm (4 inch) Retina Display8MP Rear Camera | 1.2MP Front CameraA6 Chip Processor1 Year Manufacturer Warranty
134,"(Refurbished) POCO X5 Pro 5G (Astral Black, 256 GB)","18,999","28,999",34% off,Grade: Refurbished - SuperbCompatible Charger & Cable8 GB RAM | 256 GB ROM |6.67 inch Full HD+ Display108MP Rear Camera | 16MP Front Camera5000 mAh BatteryQualcomm Snapdragon 778G ProcessorSeller warranty of 1 Year
135,"Apple iPhone 6s (Space Grey, 16 GB)","62,000",N/A,N/A,16 GB ROM11.94 cm (4.7 inch) Retina HD Display12MP Rear Camera | 5MP Front CameraA9 Chip with 64-bit Architecture and M9 Motion Co-processorBrand Warranty of 1 Year
136,"Apple iPhone 6s Plus (Space Grey, 16 GB)","72,000",N/A,N/A,16 GB ROM13.97 cm (5.5 inch) Retina HD Display12MP Rear Camera | 5MP Front CameraApple A9 64-bit processor and Embedded M9 Motion Co-processorBrand Warranty of 1 Year
137,"Apple iPhone 6 (Silver, 16 GB)","36,990","52,000",28% off,16 GB ROM11.94 cm (4.7 inch) Retina HD Display8MP Rear Camera | 1.2MP Front CameraApple A8 64-bit processor and M8 Motion Co-processor1 Year Manufacturer Warranty
138,"Apple 6 Plus (Space Grey, 16 GB)","39,999","62,000",35% off,16 GB ROM13.97 cm (5.5 inch) Retina HD Display8MP Rear Camera | 1.2MP Front CameraA8 64-bit processor and M8 Motion Co-processor1 Year Manufacturer Warranty
139,"Apple iPhone 6s Plus (Gold, 16 GB)","49,999","72,000",30% off,16 GB ROM13.97 cm (5.5 inch) Retina HD Display12MP Rear Camera | 5MP Front CameraA9 Chip with 64-bit Architecture and M9 Motion Co-processorBrand Warranty of 1 Year
140,"Apple iPhone 6s Plus (Rose Gold, 16 GB)","49,999","72,000",30% off,16 GB ROM13.97 cm (5.5 inch) Retina HD Display12MP Rear Camera | 5MP Front CameraA9 Chip with 64-bit Architecture and M9 Motion Co-processorBrand Warranty of 1 Year
141,"Apple 6s Plus (Silver, 16 GB)","49,999","72,000",30% off,16 GB ROM13.97 cm (5.5 inch) Retina HD Display12MP Rear Camera | 5MP Front CameraA9 64-bit processor and Embedded M9 Motion Co-processorBrand Warranty of 1 Year
142,"(Refurbished) Infinix Note 12 Pro 5G (Force Black, 128 GB)","12,799","24,999",48% off,Grade: Refurbished - SuperbCompatible Charger & Cable8 GB RAM | 128 GB ROM | Expandable Upto 2 TB17.02 cm Full HD+ AMOLED Display108MP Rear Camera | 16MP Front Camera5000 mAh BatteryMediatek Dimensity 810 5G ProcessorSeller warranty of 1 Year
143,"(Refurbished) OnePlus 10R (Sierra Black, 128 GB)","21,999","38,999",43% off,Grade: Refurbished - SuperbCompatible Charger & Cable8 GB RAM | 128 GB ROM |6.7 inch Display50MP Rear Camera | 16MP Front Camera5000 mAh BatterySeller warranty of 1 Year
144,"(Refurbished) realme 10 (Rush Black, 64 GB)","8,499","15,999",46% off,Grade: Refurbished - SuperbCompatible Charger & Cable4 GB RAM | 64 GB ROM | Expandable Upto 1 TB6.4 inch Full HD+ Display50MP + 2MP Dual Rear Camera | 16MP Front Camera5000 mAh BatteryMediatek Helio G99 Octa Core ProcessorSeller warranty of 1 Year
